Product Name;Product Price;Product Link;Product Image;Product Reference;Stock Status
Sensibilité Velours Roses Rouge;135,000 TND;https://spacenet.tn/fleurs/54565-sensibilite-velours-roses-rouge.html;https://spacenet.tn/128578-home_default/sensibilite-velours-roses-rouge.jpg;VELOUR-16F;In stock
Tendresse Velours Roses Rouge;50,000 TND;https://spacenet.tn/fleurs/54566-sensibilite-velours-roses-rouge.html;https://spacenet.tn/128580-home_default/sensibilite-velours-roses-rouge.jpg;VELOUR-4F;In stock
Mini Pompe RODEO Pour Vélo Noir;6,900 TND;https://spacenet.tn/accessoires-de-velo/43565-mini-pompe-rodeo-pour-velo-noir.html;https://spacenet.tn/70343-home_default/mini-pompe-rodeo-pour-velo-noir.jpg;JY-24-7;Out of stock
Vélo Elliptique Bodytone DE40 150kg Noir;1 649,000 TND;https://spacenet.tn/velo-elliptique/56246-velo-elliptique-bodytone-de40-150kg-noir.html;https://spacenet.tn/137042-home_default/velo-elliptique-bodytone-de40-150kg-noir.jpg;DE40;In stock
Pompe à Vélo Portable RODEO JY-06A-15;4,900 TND;https://spacenet.tn/accessoires-de-velo/43519-pompe-a-velo-portable-rodeo-jy-06a-15.html;https://spacenet.tn/70117-home_default/pompe-a-velo-portable-rodeo-jy-06a-15.jpg;JY-06A-15;Out of stock
Pompe à Pied RODEO Pour Vélo Silver;15,000 TND;https://spacenet.tn/accessoires-de-velo/43566-pompe-a-pied-rodeo-pour-velo-silver.html;https://spacenet.tn/70345-home_default/pompe-a-pied-rodeo-pour-velo-silver.jpg;JY-24-3;Out of stock
Pompe à Pied RODEO Avec Affichage De Pression Pour Vélo - Bleu;14,000 TND;https://spacenet.tn/accessoires-de-velo/43568-pompe-a-pied-rodeo-avec-affichage-de-pression-pour-velo-bleu.html;https://spacenet.tn/70349-home_default/pompe-a-pied-rodeo-avec-affichage-de-pression-pour-velo-bleu.jpg;JY-25A;Out of stock
Vélo Elliptique Zimota E25 110 KG Noir;894,000 TND;https://spacenet.tn/velo-elliptique/51478-velo-elliptique-zimota-e25-110-kg-noir.html;https://spacenet.tn/113276-home_default/velo-elliptique-zimota-e25-110-kg-noir.jpg;ZIMOTA-E25;Out of stock
Vélo Elliptique BT FITNESS 120 Kg (BT10030);1 489,000 TND;https://spacenet.tn/velo-elliptique/51480-velo-elliptique-bt-fitness-120-kg-bt10030.html;https://spacenet.tn/113279-home_default/velo-elliptique-bt-fitness-120-kg-bt10030.jpg;BT-10030;In stock
Vélo Elliptique Zimota E61 130 KG (01020061);1 559,000 TND;https://spacenet.tn/velo-elliptique/51482--velo-elliptique-zimota-e61-130-kg-01020061.html;https://spacenet.tn/113286-home_default/-velo-elliptique-zimota-e61-130-kg-01020061.jpg;01020061;Out of stock
Support Smartphone Pour Vélo Celly Swipe Noir;42,000 TND;https://spacenet.tn/accessoires-de-velo/55130-support-smartphone-pour-velo-celly-swipe-noir.html;https://spacenet.tn/131216-home_default/support-smartphone-pour-velo-celly-swipe-noir.jpg;SWIPEBIKEBK;In stock
Support Smartphone Pour Vélo Celly SWIPEBIKESTEM Noir;42,000 TND;https://spacenet.tn/accessoires-de-velo/55131-support-smartphone-pour-velo-celly-swipebikestem-noir.html;https://spacenet.tn/131225-home_default/support-smartphone-pour-velo-celly-swipebikestem-noir.jpg;SWIPEBIKESTEMBK;In stock
Support Smartphone Pour Vélo Celly Etanche 155x80 Noir;75,000 TND;https://spacenet.tn/accessoires-de-velo/55155-support-smartphone-pour-velo-celly-etanche-155x80-noir.html;https://spacenet.tn/131368-home_default/support-smartphone-pour-velo-celly-etanche-155x80-noir.jpg;FLEXBIKEXXL;In stock
Support Smartphone Pour Vélo Celly Etanche 170x90 Noir;75,000 TND;https://spacenet.tn/accessoires-de-velo/55157-support-smartphone-pour-velo-celly-etanche-170x90-noir.html;https://spacenet.tn/131375-home_default/support-smartphone-pour-velo-celly-etanche-170x90-noir.jpg;FLEXBIKEXXXL;In stock
Vélo Elliptique Bodytone DE30 110kg Noir;1 069,000 TND;https://spacenet.tn/velo-elliptique/56240-velo-elliptique-bodytone-de30-110kg-noir.html;https://spacenet.tn/137043-home_default/velo-elliptique-bodytone-de30-110kg-noir.jpg;DE30;In stock
Vélo d'Exercice Intelligent Bodytone DU30 125kg Noir;899,000 TND;https://spacenet.tn/velo-elliptique/56258-velo-d-exercice-intelligent-bodytone-du30-125kg-noir.html;https://spacenet.tn/137143-home_default/velo-d-exercice-intelligent-bodytone-du30-125kg-noir.jpg;DU30;In stock
Vélo Intelligent Bodytone V3 150kg - Noir;2 299,000 TND;https://spacenet.tn/velo-elliptique/56583-velo-intelligent-bodytone-v3-150kg-noir.html;https://spacenet.tn/139131-home_default/velo-intelligent-bodytone-v3-150kg-noir.jpg;SMB1v3;Out of stock
Vélo Pneumatique Bodytone Zrob 135kg - Noir;1 899,000 TND;https://spacenet.tn/velo-elliptique/56586-velo-pneumatique-bodytone-zrob-135kg-noir.html;https://spacenet.tn/139166-home_default/velo-pneumatique-bodytone-zrob-135kg-noir.jpg;ZROBv1;Out of stock
Vélo De Spinning Bodytone DS06 110kg - Noir;1 099,000 TND;https://spacenet.tn/velo-elliptique/56587-velo-de-spinning-bodytone-ds06-110kg-noir.html;https://spacenet.tn/139173-home_default/velo-de-spinning-bodytone-ds06-110kg-noir.jpg;DS06;Out of stock
Vélo De Spinning Bodytone DS25+ 140kg - Noir;1 599,000 TND;https://spacenet.tn/velo-elliptique/56588-velo-de-spinning-bodytone-ds25-140kg-noir.html;https://spacenet.tn/139175-home_default/velo-de-spinning-bodytone-ds25-140kg-noir.jpg;DS25+;Out of stock
Vélo d'Exercice Pliant Bodytone DUX 110kg - Noir;479,000 TND;https://spacenet.tn/velo-elliptique/56589-velo-d-exercice-pliant-bodytone-dux-110kg-noir.html;https://spacenet.tn/139188-home_default/velo-d-exercice-pliant-bodytone-dux-110kg-noir.jpg;DUX;Out of stock
Pompe Portable RODEO DIAM 29 Pour Vélo 12'' - Noir;5,900 TND;https://spacenet.tn/accessoires-de-velo/57229-pompe-portable-rodeo-diam-29-pour-velo-12-noir.html;https://spacenet.tn/143570-home_default/pompe-portable-rodeo-diam-29-pour-velo-12-noir.jpg;JY-06C12;In stock
Selle De Vélo En Silicone Avec Housse Bleu;22,500 TND;https://spacenet.tn/accessoires-de-velo/76240-selle-de-velo-en-silicone-avec-housse-bleu.html;https://spacenet.tn/219177-home_default/selle-de-velo-en-silicone-avec-housse-bleu.jpg;NH28-9;In stock
Vélo Elliptique BT Fitness 160 KG (BT10070);2 849,000 TND;https://spacenet.tn/velo-elliptique/51483-velo-elliptique-bt-fitness-bt10070.html;https://spacenet.tn/113287-home_default/velo-elliptique-bt-fitness-bt10070.jpg;BT10070;In stock
Vélo Elliptique Cardio BT Fitness 160 KG (BT10080);2 959,000 TND;https://spacenet.tn/velo-elliptique/51484-velo-elliptique-cardio-bt-fitness-160-kg-bt10080.html;https://spacenet.tn/113291-home_default/velo-elliptique-cardio-bt-fitness-160-kg-bt10080.jpg;BT10080;In stock
Vélo Pliant Electrique Xiaomi Mi Smart - Noir;1 999,000 TND;https://spacenet.tn/trottinette-electrique/57347-velo-pliant-electrique-xiaomi-mi-smart-noir.html;https://spacenet.tn/144437-home_default/velo-pliant-electrique-xiaomi-mi-smart-noir.jpg;24034;In stock
Support Smartphone Pour Vélo F-03 Noir;29,000 TND;https://spacenet.tn/support-voiture-tunisie/69345-support-smartphone-pour-velo-f-03-noir.html;https://spacenet.tn/189394-home_default/support-smartphone-pour-velo-f-03-noir.jpg;F-03-BLACK;In stock
Tricycle Vélo d'enfant Galaxy avec Casque plus de 1 an Coloré;59,000 TND;https://spacenet.tn/jouet/20575-tricycle-velo-enfant-galaxy-casque.html;https://spacenet.tn/36975-home_default/tricycle-velo-enfant-galaxy-casque.jpg;EJ030;In stock
Vélo Bike BT FITNESS BT20030;1 249,000 TND;https://spacenet.tn/fitness-musculation/20748-velo-bike-bt-fitness-bt20030.html;https://spacenet.tn/78326-home_default/velo-bike-bt-fitness-bt20030.jpg;BT20030;In stock
Porte-Mines Bic Velocity 0.5 Mm + Mines;2,700 TND;https://spacenet.tn/crayon/36891-porte-mines-bic-velocity-05-mm-mines.html;https://spacenet.tn/90593-home_default/porte-mines-bic-velocity-05-mm-mines.jpg;3086126698991;Out of stock
Boite De 12 Porte-Mnies Bic Velocity 0.5;27,500 TND;https://spacenet.tn/crayon/36973-boite-de-12-porte-mnies-bic-velocity-05.html;https://spacenet.tn/43190-home_default/boite-de-12-porte-mnies-bic-velocity-05.jpg;3086126645506;In stock
Vélo Pliant IN-OUT Fold 20 (10020080);439,000 TND;https://spacenet.tn/bicyclette-vtt/40833-velo-pliant-in-out-fold-20-10020080.html;https://spacenet.tn/58434-home_default/velo-pliant-in-out-fold-20-10020080.jpg;10020080;Out of stock
"Vélo Enfant Royal Baby Freestyle 16"" - Bleu";249,000 TND;https://spacenet.tn/bicyclette-enfant/41732-velo-enfant-royal-baby-freestyle-16-bleu.html;https://spacenet.tn/203961-home_default/velo-enfant-royal-baby-freestyle-16-bleu.jpg;10046001-BLEU;In stock
"Vélo Enfant Princess 12"" Zimota - Rose";219,000 TND;https://spacenet.tn/bicyclette-enfant/41741-velo-enfant-princess-12-zimota-rose.html;https://spacenet.tn/203953-home_default/velo-enfant-princess-12-zimota-rose.jpg;10042102-ROSE;In stock
"Vélo Enfant Princess 12"" Zimota - Violet";219,000 TND;https://spacenet.tn/bicyclette-enfant/41742-velo-enfant-princess-12-zimota-violet.html;https://spacenet.tn/203954-home_default/velo-enfant-princess-12-zimota-violet.jpg;10042102-VIOLET;In stock
"Vélo Enfant Princess 12"" Zimota - Blanc";219,000 TND;https://spacenet.tn/bicyclette-enfant/41743-velo-enfant-princess-12-zimota-blanc.html;https://spacenet.tn/203955-home_default/velo-enfant-princess-12-zimota-blanc.jpg;10042102-BLANC;In stock
"Vélo Enfant Princess 16"" Zimota - Violet";249,000 TND;https://spacenet.tn/bicyclette-enfant/41745-velo-enfant-princess-16-zimota-violet.html;https://spacenet.tn/203962-home_default/velo-enfant-princess-16-zimota-violet.jpg;10046102-VIOLET;Out of stock
"Vélo Enfant Princess 20"" Zimota - Violet";269,000 TND;https://spacenet.tn/bicyclette-enfant/41749-velo-enfant-princess-20-zimota-violet.html;https://spacenet.tn/203984-home_default/velo-enfant-princess-20-zimota-violet.jpg;10040102-VIOLET;In stock
Vélo D'appartement Fixe Pliable Toorx (BRX-OFFICE COMPACT);779,000 TND;https://spacenet.tn/fitness-musculation/42251-velo-d-appartement-fixe-pliable-toorx-brx-office-compact.html;https://spacenet.tn/64405-home_default/velo-d-appartement-fixe-pliable-toorx-brx-office-compact.jpg;BRX-OFFICE-COMPACT;Out of stock
"Vélo Enfant Hello Kitty 12"" - Rose";259,000 TND;https://spacenet.tn/bicyclette-enfant/43774-velo-enfant-hello-kitty-12-rose.html;https://spacenet.tn/203964-home_default/velo-enfant-hello-kitty-12-rose.jpg;HK12-KITTY;In stock
Ventilateur De Processeur WHITE SHARK Velocity;17,500 TND;https://spacenet.tn/ventilo/45281-ventilateur-white-shark-velocity-rgb-1260-01w-l.html;https://spacenet.tn/79558-home_default/ventilateur-white-shark-velocity-rgb-1260-01w-l.jpg;1260-01W-L;In stock
Vélo D'appartement Zimota B24 110kg Noir;659,000 TND;https://spacenet.tn/fitness-musculation/45921-velo-d-appartement-zimota-b24-110kg-noir.html;https://spacenet.tn/83367-home_default/velo-d-appartement-zimota-b24-110kg-noir.jpg;ZIMOTA-B24;In stock
Vélo Rodeo Harley Noir;339,000 TND;https://spacenet.tn/bicyclette-enfant/47019-velo-pour-garcon-rodeo-harley-noir.html;https://spacenet.tn/203978-home_default/velo-pour-garcon-rodeo-harley-noir.jpg;61612;In stock
Vélo Tube Hello Kitty 20’’  Rose;319,000 TND;https://spacenet.tn/bicyclette-enfant/47419-velo-tube-hello-kitty-20-rose.html;https://spacenet.tn/203989-home_default/velo-tube-hello-kitty-20-rose.jpg;HK20-HELLOKITTY;Out of stock
"Vélo Enfant FROZEN HK12 Pour Garçon  12"" Bleu";239,000 TND;https://spacenet.tn/bicyclette-enfant/51894-velo-enfant-frozen-hk12-pour-garcon-12-bleu.html;https://spacenet.tn/203965-home_default/velo-enfant-frozen-hk12-pour-garcon-12-bleu.jpg;HK12-BLEU;In stock
Boîtier Gamer MSI MPG VELOX 100R RGB Noir (306-7G18R21-809);399,000 TND;https://spacenet.tn/boitier/58734-boitier-gamer-msi-mpg-velox-100r-rgb-noir-306-7g18r21-809.html;https://spacenet.tn/153275-home_default/boitier-gamer-msi-mpg-velox-100r-rgb-noir-306-7g18r21-809.jpg;306-7G18R21-809;In stock
Support Smartphone Pour Vélo CH-01 Noir;9,900 TND;https://spacenet.tn/support-voiture-tunisie/69263-support-smartphone-pour-velo-ch-01-noir.html;https://spacenet.tn/189043-home_default/support-smartphone-pour-velo-ch-01-noir.jpg;CH-01;In stock
"ARMOIRE TEXAS PM ""VELO""";99,000 TND;https://spacenet.tn/rangement/22671-armoire-texas-pm-velo.html;https://spacenet.tn/40786-home_default/armoire-texas-pm-velo.jpg;AR136-D130;In stock
BOITE DE 12 PORTE-MINES BIC VELOCITY 0.7;27,500 TND;https://spacenet.tn/crayon/39231-boite-de-12-porte-mines-bic-velocity-07-.html;https://spacenet.tn/50424-home_default/boite-de-12-porte-mines-bic-velocity-07-.jpg;3086126645513;In stock
Vélo Bike BT Fitness Gris (BT20070);2 299,000 TND;https://spacenet.tn/fitness-musculation/42062-velo-bike-bt-fitness-gris-bt20070.html;https://spacenet.tn/63527-home_default/velo-bike-bt-fitness-gris-bt20070.jpg;BT20070;In stock
"Vélo Enfant Ferrari 12"" - Rouge";269,000 TND;https://spacenet.tn/bicyclette-enfant/43767-velo-enfant-ferrari-12-rouge.html;https://spacenet.tn/203973-home_default/velo-enfant-ferrari-12-rouge.jpg;FE12-ROUGE;Out of stock
"Vélo Enfant Lamborghini 12"" - Jaune";269,000 TND;https://spacenet.tn/bicyclette-enfant/43768-velo-enfant-lamborghini-12-jaune.html;https://spacenet.tn/203971-home_default/velo-enfant-lamborghini-12-jaune.jpg;FE12-JAUNE;In stock
"Vélo Enfant BLAST 20"" - Bleu";399,000 TND;https://spacenet.tn/bicyclette-enfant/43769-velo-enfant-blast-20-bleu.html;https://spacenet.tn/203990-home_default/velo-enfant-blast-20-bleu.jpg;6020B18-BLEU;Out of stock
"Vélo Enfant BLAST 20"" - Noir";399,000 TND;https://spacenet.tn/bicyclette-vtt/43772-velo-enfant-blast-20-noir.html;https://spacenet.tn/71626-home_default/velo-enfant-blast-20-noir.jpg;6020B18-NOIR;Out of stock
"Vélo Enfant PRADO Sniper Pour Garçon 20"" Gris";299,000 TND;https://spacenet.tn/bicyclette-enfant/51864-velo-enfant-prado-sniper-pour-garcon-20-gris.html;https://spacenet.tn/203986-home_default/velo-enfant-prado-sniper-pour-garcon-20-gris.jpg;6020-PG-GRIS-SNIPE;Out of stock
"Vélo Enfant PRADO Sniper Pour Garçon 20"" Noir";299,000 TND;https://spacenet.tn/bicyclette-enfant/51865-velo-enfant-prado-sniper-pour-garcon-20-noir.html;https://spacenet.tn/203987-home_default/velo-enfant-prado-sniper-pour-garcon-20-noir.jpg;6020-PG-NOIR-SNIPE;Out of stock
"Vélo Enfant PRADO Sniper 20"" Rouge";299,000 TND;https://spacenet.tn/bicyclette-enfant/51866-velo-enfant-prado-sniper-pour-garcon-20-rouge.html;https://spacenet.tn/203988-home_default/velo-enfant-prado-sniper-pour-garcon-20-rouge.jpg;6020-PG-ROUGE-SNIP;Out of stock
"Vélo Enfant PRADO Sniper Pour Fille 20"" Rose";279,000 TND;https://spacenet.tn/bicyclette-enfant/51868-velo-enfant-prado-sniper-pour-fille-20-rose.html;https://spacenet.tn/203985-home_default/velo-enfant-prado-sniper-pour-fille-20-rose.jpg;6020-PF-ROSE-BELLE;Out of stock
Bicyclette VTT Rodeo 6026 C6V Noir;499,000 TND;https://spacenet.tn/velo-de-ville/47424-bicyclette-vtt-rodeo-6026-c6v-noir.html;https://spacenet.tn/90636-home_default/bicyclette-vtt-rodeo-6026-c6v-noir.jpg;6026-C6V-NOIR;In stock
Bicyclette de Ville Rodeo 26″ Rose;499,000 TND;https://spacenet.tn/velo-de-ville/51975-bicyclette-de-ville-rodeo-26-rose.html;https://spacenet.tn/116120-home_default/bicyclette-de-ville-rodeo-26-rose.jpg;6026-C6V;In stock
"Bicyclette TT Rodeo 27"" 6 Vitesses Silver";499,000 TND;https://spacenet.tn/velo-de-ville/51998-bicyclette-tt-rodeo-27-6-vitesses-silver.html;https://spacenet.tn/116297-home_default/bicyclette-tt-rodeo-27-6-vitesses-silver.jpg;6027-T6V-SILVER;Out of stock
Apple Watch Série 9 GPS 45mm Midnight;1 999,000 TND;https://spacenet.tn/montre-connectee-tunisie/73388-apple-watch-serie-9-gps-45mm-midnight.html;https://spacenet.tn/204741-home_default/apple-watch-serie-9-gps-45mm-midnight.jpg;MR9A3ZP/A;In stock
Apple Watch Série 9 GPS 41mm Midnight;1 999,000 TND;https://spacenet.tn/montre-connectee-tunisie/73390-apple-watch-serie-9-gps-41mm-midnight.html;https://spacenet.tn/204743-home_default/apple-watch-serie-9-gps-41mm-midnight.jpg;MR8Y3LL/A;In stock
Apple Watch Série 9 GPS 41mm Rose;1 999,000 TND;https://spacenet.tn/montre-connectee-tunisie/73404-apple-watch-serie-9-gps-41mm-rose.html;https://spacenet.tn/204882-home_default/apple-watch-serie-9-gps-41mm-rose.jpg;MR943LL/A;In stock
Apple Watch Série 9 GPS 41mm Bleu;1 999,000 TND;https://spacenet.tn/montre-connectee-tunisie/76733-apple-watch-serie-9-gps-41mm-bleu.html;https://spacenet.tn/221386-home_default/apple-watch-serie-9-gps-41mm-bleu.jpg;MR923LL/A;In stock
Apple Watch Série 9 GPS 45mm Rose;1 999,000 TND;https://spacenet.tn/montre-connectee-tunisie/76736-apple-watch-serie-9-gps-45mm-rose.html;https://spacenet.tn/221403-home_default/apple-watch-serie-9-gps-45mm-rose.jpg;MR9H3QF/A;In stock
Paquet De 10 Capsules Intenso Compatible Caffitaly+ 2 Filtres;16,900 TND;https://spacenet.tn/capsule-a-cafe/39859--paquet-de-10-capsules-intenso-compatible-caffitaly-2-filtres.html;https://spacenet.tn/53536-home_default/-paquet-de-10-capsules-intenso-compatible-caffitaly-2-filtres.jpg;CAFFITALY-INTENSO;In stock
10 Capsules Golden Coffee Espresso Extrême;14,900 TND;https://spacenet.tn/capsule-a-cafe/54927-10-capsules-golden-coffee-espresso-extreme.html;https://spacenet.tn/130377-home_default/10-capsules-golden-coffee-espresso-extreme.jpg;8431610021437;In stock
Nettoyeur Haute Pression KÄRCHER K7 Compact 3000W 1.447-050.0;1 789,000 TND;https://spacenet.tn/nettoyeur-haute-pression-tunisie/40827-nettoyeur-haute-pression-karcher-k7-compact-3000w-kath48085.html;https://spacenet.tn/58392-home_default/nettoyeur-haute-pression-karcher-k7-compact-3000w-kath48085.jpg;1.447-050.0;In stock
Montre Connectée Colmi P8 Plus - Noir;149,000 TND;https://spacenet.tn/montre-connectee-tunisie/41969-montre-connectee-colmi-p8-plus-noir.html;https://spacenet.tn/63130-home_default/montre-connectee-colmi-p8-plus-noir.jpg;COLMI-P8PLUS-BLACK;In stock
Bicyclette Moto-Cross Pour Enfant - Vert;439,000 TND;https://spacenet.tn/bicyclette-enfant/42377-bicyclette-moto-cross-pour-enfant-vert.html;https://spacenet.tn/203995-home_default/bicyclette-moto-cross-pour-enfant-vert.jpg;BICYCLETTE-VERT;In stock
Bicyclette Moto-Cross Pour Enfant - Rouge;439,000 TND;https://spacenet.tn/bicyclette-enfant/42379-bicyclette-moto-cross-pour-enfant-rouge.html;https://spacenet.tn/203991-home_default/bicyclette-moto-cross-pour-enfant-rouge.jpg;BICYCLETTE-ROUGE;Out of stock
Bicyclette Moto-Cross Pour Enfant - Jaune;439,000 TND;https://spacenet.tn/bicyclette-enfant/42386-bicyclette-moto-cross-pour-enfant-jaune.html;https://spacenet.tn/203992-home_default/bicyclette-moto-cross-pour-enfant-jaune.jpg;BICYCLETTE-JAUNE;In stock
Bicyclette Moto-Cross Pour Enfant - Bleu;439,000 TND;https://spacenet.tn/bicyclette-enfant/42388-bicyclette-moto-cross-pour-enfant-bleu.html;https://spacenet.tn/203993-home_default/bicyclette-moto-cross-pour-enfant-bleu.jpg;BICYCLETTE-BLEU;Out of stock
Bicyclette Moto-Cross Pour Enfant - Noir;439,000 TND;https://spacenet.tn/bicyclette-enfant/42390-bicyclette-moto-cross-pour-enfant-noir.html;https://spacenet.tn/203994-home_default/bicyclette-moto-cross-pour-enfant-noir.jpg;BICYCLETTE-NOIR;In stock
Bicyclette VTT Rodeo 6024 FB Blue;579,000 TND;https://spacenet.tn/bicyclette-vtt/47425-bicyclette-vtt-rodeo-6024-fb-blue.html;https://spacenet.tn/90640-home_default/bicyclette-vtt-rodeo-6024-fb-blue.jpg;6024-FB;In stock
Tricycle Licorne Rose DOLU;79,000 TND;https://spacenet.tn/tricycle/49409-tricycle-licorne-rose-dolu.html;https://spacenet.tn/101694-home_default/tricycle-licorne-rose-dolu.jpg;2505;Out of stock
Paquet De 10 Capsules Caffitaly Vivace;15,900 TND;https://spacenet.tn/capsule-a-cafe/51383-paquet-de-10-capsules-caffitaly-vivace.html;https://spacenet.tn/112934-home_default/paquet-de-10-capsules-caffitaly-vivace.jpg;CAFFITALY-VIVACE;In stock
Paquet De 10 Capsules Caffitaly Deciso;15,900 TND;https://spacenet.tn/capsule-a-cafe/51384-paquet-de-10-capsules-caffitaly-deciso.html;https://spacenet.tn/112936-home_default/paquet-de-10-capsules-caffitaly-deciso.jpg;CAFFITALY-DECISO;In stock
Paquet De 10 Capsules Deca Delicato Compatible Caffitaly;17,900 TND;https://spacenet.tn/capsule-a-cafe/51388-paquet-de-10-capsules-deca-delicato-compatible-caffitaly.html;https://spacenet.tn/177482-home_default/paquet-de-10-capsules-deca-delicato-compatible-caffitaly.jpg;CAFFITALY-DELICATO;In stock
Pack Femme Velvet bloom Arvea;135,800 TND;https://spacenet.tn/coffrets/54482-pack-femme-velvet-bloom-arvea.html;https://spacenet.tn/128404-home_default/pack-femme-velvet-bloom-arvea.jpg;C827;In stock
Coffre Fort Electronique Hardybill DM-152614 Noir;7 699,000 TND;https://spacenet.tn/coffre-fort/55064-coffre-fort-electronique-hardybill-dm-152614-noir.html;https://spacenet.tn/130953-home_default/coffre-fort-electronique-hardybill-dm-152614-noir.jpg;DM152614-BL;In stock
Siège De Massage Shiatsu Beurer MG206 - Noir;319,000 TND;https://spacenet.tn/appareil-massage-tunisie/58464-siege-de-massage-shiatsu-beurer-mg206-noir.html;https://spacenet.tn/151489-home_default/siege-de-massage-shiatsu-beurer-mg206-noir.jpg;MG206;In stock
Housse De Siege Vibrante Beurrer Shiatsu MG260 - Noir & Gris;619,000 TND;https://spacenet.tn/appareil-massage-tunisie/58466-housse-de-siege-vibrante-beurrer-shiatsu-mg260-noir-gris.html;https://spacenet.tn/151503-home_default/housse-de-siege-vibrante-beurrer-shiatsu-mg260-noir-gris.jpg;MG260;In stock
Gel Douche Arvea Mangue & Papaye 400ml;16,900 TND;https://spacenet.tn/soin-corps/59703-gel-douche-arvea-mangue-papaye-400ml.html;https://spacenet.tn/161103-home_default/gel-douche-arvea-mangue-papaye-400ml.jpg;20454;In stock
Gel Douche Arvea Cocktail Coco 400ml;16,900 TND;https://spacenet.tn/soin-corps/59725-gel-douche-arvea-cocktail-coco-400ml.html;https://spacenet.tn/161105-home_default/gel-douche-arvea-cocktail-coco-400ml.jpg;20460;In stock
Gel Douche Arvea Mojito 400ML;16,900 TND;https://spacenet.tn/soin-corps/59732-gel-douche-arvea-mojito-400ml.html;https://spacenet.tn/161132-home_default/gel-douche-arvea-mojito-400ml.jpg;20453;In stock
Gel Douche Arvea Wood Violet 400ml;15,900 TND;https://spacenet.tn/soin-corps/59733-gel-douche-arvea-wood-violet-400ml.html;https://spacenet.tn/161135-home_default/gel-douche-arvea-wood-violet-400ml.jpg;20461;In stock
4 x Pile GP Ultra Plus Alkaline AA;7,900 TND;https://spacenet.tn/pile/65974-4-x-pile-gp-ultra-plus-alkaline-aa.html;https://spacenet.tn/173958-home_default/4-x-pile-gp-ultra-plus-alkaline-aa.jpg;4891199100277;In stock
Magic Pen N°3 2en1 Lèvre & Joue Arvea Corail;17,500 TND;https://spacenet.tn/levres/67471-magic-pen-n3-2en1-levre-joue-arvea-corail.html;https://spacenet.tn/181376-home_default/magic-pen-n3-2en1-levre-joue-arvea-corail.jpg;MAGIC-PEN-N03;In stock
Pack Maquillage Arvea Pour Femme;57,000 TND;https://spacenet.tn/yeux/67825-pack-maquillage-arvea-pour-femme.html;https://spacenet.tn/182687-home_default/pack-maquillage-arvea-pour-femme.jpg;PACK-ARVEA-F3.;In stock
Paquet De 48 Capsules Caffitaly Intenso;75,000 TND;https://spacenet.tn/capsule-a-cafe/68148-paquet-de-48-capsules-caffitaly-intenso.html;https://spacenet.tn/184517-home_default/paquet-de-48-capsules-caffitaly-intenso.jpg;CAFFITALY-BOX-48-I;Out of stock
Pompe à Air Électrique Baseus CRCQB02 Gris;299,000 TND;https://spacenet.tn/accessoires-auto/69291-pompe-a-air-electrique-baseus-crcqb02-gris.html;https://spacenet.tn/189244-home_default/pompe-a-air-electrique-baseus-crcqb02-gris.jpg;INFLATOR-PUMP;In stock
Pack Eau de Parfum & Déodorant Lamasat Harir + Box Roses Rouges;109,000 TND;https://spacenet.tn/coffret-cadeau-femme/70589-pack-eau-de-parfum-deodorant-lamasat-harir-box-roses-rouges.html;https://spacenet.tn/194287-home_default/pack-eau-de-parfum-deodorant-lamasat-harir-box-roses-rouges.jpg;PACK-SV-9;In stock
Tajine Techwood TAJ-245 4L Orange;229,000 TND;https://spacenet.tn/casseroles-poeles-cocottes/70813-tajine-techwood-taj-245-4l-orange.html;https://spacenet.tn/194840-home_default/tajine-techwood-taj-245-4l-orange.jpg;TAJ-245;In stock
Tajine Terracotta Techwood TAJ-246 4L Rouge;229,000 TND;https://spacenet.tn/casseroles-poeles-cocottes/70815-tajine-terracotta-techwood-taj-246-4l-rouge.html;https://spacenet.tn/194845-home_default/tajine-terracotta-techwood-taj-246-4l-rouge.jpg;TAJ-246;In stock
Tajine Terracotta Techwood TAJ-249 4L Noir;229,000 TND;https://spacenet.tn/casseroles-poeles-cocottes/70816-tajine-terracotta-techwood-taj-249-4l-noir.html;https://spacenet.tn/194847-home_default/tajine-terracotta-techwood-taj-249-4l-noir.jpg;TAJ-249;In stock
Couscoussier Techwood TCC-808 8L Noir;249,000 TND;https://spacenet.tn/casseroles-poeles-cocottes/70819-couscoussier-techwood-tcc-808-8l-noir.html;https://spacenet.tn/194861-home_default/couscoussier-techwood-tcc-808-8l-noir.jpg;TCC-808;In stock
"Bicyclette Enfant RODEO Bugatti 12"" Blanc Et Rouge";259,000 TND;https://spacenet.tn/bicyclette-enfant/71541-bicyclette-enfant-rodeo-bugatti-12-blanc-et-rouge.html;https://spacenet.tn/203966-home_default/bicyclette-enfant-rodeo-bugatti-12-blanc-et-rouge.jpg;FE12-BLANC;In stock
Compresseur Électrique Portable Xiaomi Air Compressor 2 Noir;169,000 TND;https://spacenet.tn/accessoires-auto/74240-compresseur-electrique-portable-xiaomi-air-compressor-2-noir.html;https://spacenet.tn/208186-home_default/compresseur-electrique-portable-xiaomi-air-compressor-2-noir.jpg;BHR7112GL;In stock
Écran Solaire SVR Sun Secure Crème SPF50+ 50 Ml;51,900 TND;https://spacenet.tn/protection-solaire/74932-ecran-solaire-svr-sun-secure-creme-spf50-50-ml.html;https://spacenet.tn/212401-home_default/ecran-solaire-svr-sun-secure-creme-spf50-50-ml.jpg;001059;In stock
Lait Solaire SVR Hydratant Invisible SPF50+ 250 Ml;65,900 TND;https://spacenet.tn/protection-solaire/74940-lait-solaire-svr-hydratant-invisible-spf50-250-ml.html;https://spacenet.tn/212443-home_default/lait-solaire-svr-hydratant-invisible-spf50-250-ml.jpg;005500;In stock
"Bicyclette Enfant Prado 9018 18"" Rose";199,000 TND;https://spacenet.tn/bicyclette-enfant/76046-bicyclette-enfant-prado-9018-18-rose.html;https://spacenet.tn/218304-home_default/bicyclette-enfant-prado-9018-18-rose.jpg;9018-F-R;In stock
"Bicyclette Enfant Prado 9018 18"" Rouge";219,000 TND;https://spacenet.tn/bicyclette-enfant/76070-bicyclette-enfant-prado-9018-18-rouge.html;https://spacenet.tn/218232-home_default/bicyclette-enfant-prado-9018-18-rouge.jpg;9018-F-ROUGE;In stock
"Bicyclette Enfant Prado 9018 18"" Noir & Blanc";219,000 TND;https://spacenet.tn/bicyclette-enfant/76079-bicyclette-enfant-prado-9018-18-noir-blanc.html;https://spacenet.tn/218285-home_default/bicyclette-enfant-prado-9018-18-noir-blanc.jpg;9018-G-BLANC-NOIR;In stock
"Bicyclette Enfant Prado 9018 18"" Bleu";219,000 TND;https://spacenet.tn/bicyclette-enfant/76081-bicyclette-enfant-prado-9018-18-bleu.html;https://spacenet.tn/218292-home_default/bicyclette-enfant-prado-9018-18-bleu.jpg;9018-G-BLEU;In stock
"Bicyclette Enfant Prado 9018 18"" Bleu Ciel";219,000 TND;https://spacenet.tn/bicyclette-enfant/76101-bicyclette-enfant-prado-9018-18-bleu-ciel.html;https://spacenet.tn/218433-home_default/bicyclette-enfant-prado-9018-18-bleu-ciel.jpg;9018-G-BLEUS-S;In stock
